rank,uri,artist_names,track_name,source,peak_rank,previous_rank,days_on_chart,streams,date,month,year
1,spotify:track:6v3KW9xbzN5yKLt9YKDYA2,"Shawn Mendes, Camila Cabello",Se√±orita,Island Records,1,1,41,8014706,2019-07-31,July,2019
2,spotify:track:2ksOAxtIxY8yElEWw8RhgK,"Anuel AA, Daddy Yankee, KAROL G, J Balvin, Ozuna",China,"2019 Real Hasta La Muerte, LLC.",2,2,13,4419020,2019-07-31,July,2019
3,spotify:track:70eFcWOvlMObDhURTqT4Fv,"Ed Sheeran, Khalid",Beautiful People (feat. Khalid),Atlantic Records UK,3,3,34,3972057,2019-07-31,July,2019
4,spotify:track:6vBdBCoOhKHiYDDOcorfNo,"Post Malone, Young Thug",Goodbyes (feat. Young Thug),Republic Records,2,4,27,3880126,2019-07-31,July,2019
5,spotify:track:0hVXuCcriWRGvwMV1r5Yn9,"Ed Sheeran, Justin Bieber",I Don't Care (with Justin Bieber),Atlantic Records UK,1,5,83,3863644,2019-07-31,July,2019
6,spotify:track:2Fxmhks0bxGSBdJ92vM42m,Billie Eilish,bad guy,Darkroom/Interscope Records,1,6,125,3185228,2019-07-31,July,2019
7,spotify:track:2YpeDb67231RjR0MgVLzsG,"Lil Nas X, Billy Ray Cyrus",Old Town Road - Remix,Columbia,2,7,118,3165750,2019-07-31,July,2019
8,spotify:track:6b2RcmUt1g9N9mQ3CbjX2Y,Sam Smith,How Do You Sleep?,Capitol,7,8,13,3103311,2019-07-31,July,2019
9,spotify:track:1kBbgxAUc4HQv7cgIayIDH,Lil Tecca,Ransom,Republic Records,9,10,59,3038573,2019-07-31,July,2019
10,spotify:track:2TH65lNHgvLxCKXM3apjxI,"Bad Bunny, Tainy",Callaita,Rimas Entertainment LLC,5,9,62,2985008,2019-07-31,July,2019
