rank,uri,artist_names,track_name,source,peak_rank,previous_rank,days_on_chart,streams
1,"spotify:track:3HVWdVOQ0ZA45FuZGSfvns","Ed Sheeran, Justin Bieber","I Don't Care (with Justin Bieber)","Atlantic Records UK",1,1,7,"6813382"
2,"spotify:track:2Fxmhks0bxGSBdJ92vM42m","Billie Eilish","bad guy","Darkroom/Interscope Records",1,2,49,"5748083"
3,"spotify:track:6u7jPi22kF8CTQ3rb9DHE7","Lil Nas X, Billy Ray Cyrus","Old Town Road - Remix","Columbia",2,3,42,"4527004"
4,"spotify:track:6LsAAHotRLMOHfCsSfYCsz","Shawn Mendes","If I Can't Have You","Island Records",3,4,14,"3706204"
5,"spotify:track:6nDKrPlXdpomGBgAlO7UdP","Avicii, Aloe Blacc","SOS (feat. Aloe Blacc)","Universal Music AB",3,5,37,"3212936"
6,"spotify:track:4Sib57MmYGJzSvkW84jTwh","Taylor Swift, Brendon Urie, Panic! At The Disco","ME! (feat. Brendon Urie of Panic! At The Disco)","Taylor Swift",1,6,21,"2941966"
7,"spotify:track:1Ej96GIBCTvgH7tNX1r3qr","Sech, Darell","Otro Trago","Rich Music/Ingrooves Records",7,8,25,"2898614"
8,"spotify:track:53CJANUxooaqGOtdsBTh7O","Lil Nas X","Old Town Road","Columbia",2,7,72,"2829814"
9,"spotify:track:3KkXRkHbMCARz0aVfEt68P","Post Malone, Swae Lee","Sunflower - Spider-Man: Into the Spider-Verse","Universal Records",1,9,211,"2792221"
10,"spotify:track:1c0hsvHLELX6y8qymnpLKL","Lunay, Daddy Yankee, Bad Bunny","Soltera (Remix)","round2media - LaFamilia",10,13,7,"2726307"
11,"spotify:track:4y3OI86AEP6PQoDE6olYhO","Jonas Brothers","Sucker","Jonas Brothers Recording",2,10,77,"2695079"
12,"spotify:track:5w9c2J52mkdntKOmRLeM2m","Daddy Yankee, Snow","Con Calma","El Cartel Records (EC3)",1,12,112,"2653007"
13,"spotify:track:6ocbgoVGwYJhOv1GgI9NsF","Ariana Grande","7 rings","Republic Records",1,14,119,"2562215"
14,"spotify:track:2MuMD298IpYqKF367wegUd","Logic, Eminem","Homicide (feat. Eminem)","Def Jam Recordings",2,11,14,"2553081"
15,"spotify:track:6TqXcAFInzjp0bODyvrWEq","Khalid, Disclosure","Talk (feat. Disclosure)","Right Hand Music Group, LLC/RCA Records",10,15,98,"2454560"
16,"spotify:track:2TIlqbIneP0ZY1O0EzYLlc","Lewis Capaldi","Someone You Loved","Vertigo Berlin",16,17,128,"2181624"
17,"spotify:track:2VxeLyX666F8uXCJ0dZF8B","Lady Gaga, Bradley Cooper","Shallow","A Star is Born OST",2,19,231,"2179868"
18,"spotify:track:5KawlOMHjWeUjQtnuRs22c","BTS, Halsey","Boy With Luv (feat. Halsey)","BIGHIT MUSIC",3,16,35,"2175323"
19,"spotify:track:5WHTFyqSii0lmT9R21abT8","Mabel","Don't Call Me Up","Polydor Records",9,18,105,"2110569"
20,"spotify:track:4SSnFejRGlZikf02HLewEF","Billie Eilish","bury a friend","Darkroom/Interscope Records",2,21,107,"2055502"
21,"spotify:track:6MWtB6iiXyIwun0YzU6DFP","Post Malone","Wow.","Republic Records",1,20,144,"2050177"
22,"spotify:track:5icOoE6VgqFKohjWWNp0Ac","Marshmello, CHVRCHES","Here With Me","Marshmello/Republic",11,22,70,"1909871"
23,"spotify:track:7g8YaUQABMal0zWe7a2ijz","Dalex, Rafa Pabön, KHEA, Sech, Feid, Cazzu, Lenny Tavárez","Pa Mí - Remix","Rich Music/Ingrooves Records",15,24,76,"1889650"
24,"spotify:track:43zdsphuZLzwA9k4DJhU0I","Billie Eilish","when the party's over","Darkroom/Interscope Records",7,26,212,"1879229"
25,"spotify:track:46lvmzK8wxAy66tjzXXSh0","Paulo Londra","Tal Vez","WEA Latina",25,27,43,"1825141"
26,"spotify:track:5qmq61DAAOUaW8AUo8xKhh","Lizzo","Truth Hurts","Nice Life/Atlantic",22,23,24,"1807151"
27,"spotify:track:3y3brCCecHC3Db18aIOnny","Kygo, Rita Ora","Carry On (from the Original Motion Picture ""POKÉMON Detective Pikachu"")","Palm Tree Records/RCA Records",25,25,28,"1806186"
28,"spotify:track:25sgk305KZfyuqVBQIahim","Ava Max","Sweet but Psycho","Atlantic Records",5,29,232,"1800345"
29,"spotify:track:4lzxJ4jCuFDXXGkE1LmpKR","DJ Luian, Mambo Kingz, Anuel AA, Nicky Jam, Darell, Brytiago","Verte Ir","Hear This Music",22,31,49,"1794507"
30,"spotify:track:31UjYv5vLsDkzchJOtUMtW","Maluma","HP","Sony Music Latin",16,30,77,"1783927"
31,"spotify:track:5p7ujcrUXASCNwRaWNHR1C","Halsey","Without Me","Capitol Records",3,34,224,"1730627"
32,"spotify:track:6v0lAdFF4haL8xjBIUjtOw","Nicky Jam, Ozuna","Te Robaré","Sony Music Latin",25,36,56,"1725700"
33,"spotify:track:6Qs4SXO9dwPj5GKvVOv8Ki","Sam Smith, Normani","Dancing With A Stranger (with Normani)","Capitol",6,32,126,"1706891"
34,"spotify:track:5iwz1NiezX7WWjnCgY5TH4","Pedro Capó, Farruko","Calma - Remix","Sony Music Latin",5,39,188,"1691963"
35,"spotify:track:2dpaYNEQHiRxtZbfNsse99","Marshmello, Bastille","Happier","Joytime Collective",2,38,273,"1679170"
36,"spotify:track:7Feaw9WAEREY0DUOSXJLOM","Martin Garrix, Macklemore, Fall Out Boy","Summer Days (feat. Macklemore & Patrick Stump of Fall Out Boy)","Epic Amsterdam",35,35,21,"1661594"
37,"spotify:track:7njKgVl3AnLflRad38o7AG","Bazzi","Paradise","iamcosmic",26,28,42,"1658401"
38,"spotify:track:2qG5sZ7Si6sdK74qLxedYM","ROSALÍA, J Balvin, El Guincho","Con Altura","Columbia",28,33,49,"1647901"
39,"spotify:track:1wJRveJZLSb1rjhnUHQiv6","A Boogie Wit da Hoodie, 6ix9ine","Swervin (feat. 6ix9ine)","Highbridge the Label / Atlantic Records",23,40,140,"1642303"
40,"spotify:track:4pUCKHjJ4Ijewc37rRrvHn","BLACKPINK","Kill This Love","YG Entertainment",4,37,43,"1638928"
41,"spotify:track:1DFD5Fotzgn6yYXkYsKiGs","MEDUZA, Goodboys","Piece Of Your Heart","Virgin",41,42,32,"1634211"
42,"spotify:track:3Fj47GNK2kUF0uaEDgXLaD","Billie Eilish","wish you were gay","Darkroom/Interscope Records",2,41,74,"1624325"
43,"spotify:track:2JvzF1RMd7lE3KmFlsyZD8","J. Cole","MIDDLE CHILD","Dreamville, Inc., Under exclusive license to Roc Nation Records",2,44,113,"1593736"
44,"spotify:track:2gwkD6igEhQbDQegRCcdoB","DaBaby","Suge","South Coast Music Group/Interscope Records",44,50,22,"1579646"
45,"spotify:track:7COXchtUOMd6uIT6HvmRaI","Lauv, Troye Sivan","i'm so tired...","Lauv",17,45,112,"1556461"
46,"spotify:track:0u2P5u6lvoDfwTYjAADbn4","Billie Eilish, Khalid","lovely (with Khalid)","Darkroom",19,47,390,"1534343"
47,"spotify:track:0uUNN1nSoUx1A4fkDCWDQ7","Ava Max","So Am I","Atlantic Records",40,43,66,"1534228"
48,"spotify:track:4n7jnSxVLd8QioibtTDBDq","Alan Walker, Sabrina Carpenter, Farruko","On My Way","Kreatell Music",37,46,56,"1478555"
49,"spotify:track:4kV4N9D1iKVxx1KLvtTpjS","Ariana Grande","break up with your girlfriend, i'm bored","Republic Records",2,49,98,"1478158"
50,"spotify:track:3e9HZxeyfWwjeyPAMmWSSQ","Ariana Grande","thank u, next","Republic Records",1,51,194,"1436583"
51,"spotify:track:5W83ErFkO3aKAIS1WMi6u0","Anuel AA, KAROL G","Secreto","Anuel AA & Karol G - Secreto",9,52,122,"1370500"
52,"spotify:track:1tNJrcVe6gwLEiZCtprs1u","Dominic Fike","3 Nights","Columbia",46,48,48,"1363187"
53,"spotify:track:1rqqCSm0Qe4I9rUvWncaom","Panic! At The Disco","High Hopes","DCD2 / Fueled By Ramen",8,54,330,"1337699"
54,"spotify:track:7FGq80cy8juXBCD2nrqdWU","benny blanco, Halsey, Khalid","Eastside (with Halsey & Khalid)","Friends Keep Secrets/Interscope Records",3,56,308,"1277687"
55,"spotify:track:2IRZnDFmlqMuOrYOLnZZyc","Meek Mill, Drake","Going Bad (feat. Drake)","MMG/Atlantic",8,55,168,"1275135"
56,"spotify:track:4XZxalvnG4Yo8YZLuiT1kV","Avicii, Agnes, Vargas & Lagola","Tough Love (feat. Agnes, Vargas & Lagola)","Universal Music AB",17,53,7,"1267287"
57,"spotify:track:2qxmye6gAegTMjLKEBoR3d","Alec Benjamin","Let Me Down Slowly","2018",21,58,151,"1232093"
58,"spotify:track:63cd4JkwGgYJrbOizbfmsp","Mustard, Migos","Pure Water (with Migos)","10 Summers Records/Interscope Records",35,60,118,"1210177"
59,"spotify:track:2S1LebN6AXXQqJolBxlWgO","Lil Dicky","Earth","Commission/BMG",31,57,28,"1201696"
60,"spotify:track:5AjINjwKyRvQJhSe2zpPHi","Polo G, Lil Tjay","Pop Out (feat. Lil Tjay)","Columbia",60,65,29,"1188528"
61,"spotify:track:6zeeWid2sgw4lap2jV61PZ","Khalid","Better","Right Hand Music Group, LLC/RCA Records",7,61,245,"1187774"
62,"spotify:track:3XiNC94b4Tq1xwv70sQJGN","Lil Uzi Vert","Sanguine Paradise","Generation Now/Atlantic",35,64,37,"1177512"
63,"spotify:track:37eGbhE1xVFSvcKkqGb6i1","Sean Paul, J Balvin","Contra La Pared","Universal-Island Records Ltd.",61,62,61,"1161865"
64,"spotify:track:4u7EnebtmKWzUH433cf5Qv","Queen","Bohemian Rhapsody - Remastered 2011","EMI",10,66,266,"1152220"
65,"spotify:track:4PkIDTPGedm0enzdvilLNd","Ellie Goulding","Sixteen","Polydor Records",59,59,35,"1149460"
66,"spotify:track:7fODjB7BrQTGqh0hogW6XD","Sech, Justin Quiles, Maluma, Nicky Jam, Farruko, Dalex, Lenny Tavárez","Que Mas Pues - Remix","Rich Music/Ingrooves Records",66,68,34,"1139387"
67,"spotify:track:7dt6x5M1jzdTEt8oCbisTK","Post Malone","Better Now","Republic Records",1,70,385,"1135993"
68,"spotify:track:7eBqSVxrzQZtK2mmgRG6lC","YNW Melly","Murder on My Mind","P2018",18,69,92,"1126182"
69,"spotify:track:4w8niZpiMy6qz1mntFA5uM","DJ Snake, Selena Gomez, Ozuna, Cardi B","Taki Taki (with Selena Gomez, Ozuna & Cardi B)","DJ Snake Music Productions Limited, under exclusive license to Geffen Records",1,71,231,"1124164"
70,"spotify:track:2xLMifQCjDGFmkHkpNLD9h","Travis Scott","SICKO MODE","Cactus Jack / Epic",2,72,287,"1113323"
71,"spotify:track:059bcIhyc2SBwm6sw2AZzd","Piso 21, Micro TDH","Te Vi","WM Mexico",43,73,126,"1104835"
72,"spotify:track:0e7ipj03S05BNilyu5bRzt","Post Malone, 21 Savage","rockstar (feat. 21 Savage)","Republic Records",1,77,609,"1099230"
73,"spotify:track:5QiNbIilmMiMBXvaAlf7lN","The Chainsmokers, 5 Seconds of Summer","Who Do You Love","Disruptor Records/Columbia",31,63,98,"1098360"
74,"spotify:track:44ZJ4hLD5onikKsVLQaILr","Stormzy","Vossi Bop","#Merky Records",54,74,21,"1081018"
75,"spotify:track:6jfEZdUJ2Yla6h7gTJgKuo","P!nk","Walk Me Home","RCA Records Label",49,67,84,"1080418"
76,"spotify:track:3XF5xLJHOQQRbWya6hBp7d","Billie Eilish","you should see me in a crown","Darkroom/Interscope Records",11,75,113,"1077862"
77,"spotify:track:7mWFF4gPADjTQjC97CgFVt","Ozuna, Daddy Yankee, J Balvin, Farruko, Anuel AA","Baila Baila Baila - Remix","VP Records Corp/Dimelo Vi",59,76,21,"1075156"
78,"spotify:track:116H0KvKr2Zl4RPuVBruDO","Bad Bunny, Drake","MIA","Rimas Entertainment LLC",1,79,218,"1067736"
79,"spotify:track:7fa9MBXhVfQ8P8Df9OEbD8","Maroon 5, Cardi B","Girls Like You (feat. Cardi B) - Cardi B Version","Interscope Records*",2,81,350,"1063283"
80,"spotify:track:56f5qnyAlZdlz8wrUDA50h","Mau y Ricky, Manuel Turizo, Camilo","Desconocidos","Sony Music Latin",28,78,188,"1061019"
81,"spotify:track:5qrSlOut2rNAWv3ubArkNy","Dean Lewis","Be Alright","Universal Music Australia Pty. Ltd.",12,84,299,"1040049"
82,"spotify:track:5itOtNx0WxtJmi1TQ3RuRd","Calvin Harris, Rag'n'Bone Man","Giant (with Rag'n'Bone Man)","Columbia",19,83,126,"1038200"
83,"spotify:track:7qiZfU4dY1lWllzX7mPBI3","Ed Sheeran","Shape of You","Atlantic Records UK",1,85,861,"1037264"
84,"spotify:track:285pBltuF7vW8TeWk8hdRR","Juice WRLD","Lucid Dreams","Juice WRLD Mixtape / ISR P&D",2,87,369,"1028554"
85,"spotify:track:6IRdLKIyS4p7XNiP8r6rsx","Billie Eilish","all the good girls go to hell","Darkroom/Interscope Records",6,80,49,"1015314"
86,"spotify:track:6FyRXC8tJUh863JCkyWqtk","Paulo Londra","Adan y Eva","WEA Latina",10,88,192,"1007081"
87,"spotify:track:6Hj9jySrnFppAI0sEMCZpJ","Juice WRLD","Robbery","Grade A Productions/Interscope Records",11,89,92,"990970"
88,"spotify:track:09oZ9eXQ2fo6YDrPzJqAoP","Khalid, John Mayer","Outta My Head (with John Mayer)","Right Hand Music Group, LLC/RCA Records",15,86,42,"974281"
89,"spotify:track:4NSW0Km5ZG60L8FthUebPJ","Jonas Blue, Theresa Rex","What I Like About You (feat. Theresa Rex)","Positiva",82,82,31,"969573"
90,"spotify:track:2RSHsoi04658QL5xgQVov3","Imagine Dragons","Bad Liar","Kid Ina Korner / Interscope",12,90,189,"959856"
91,"spotify:track:3ee8Jmje8o58CHK66QrVC2","XXXTENTACION","SAD!","Bad Vibes Forever, LLC",1,95,441,"959086"
92,"spotify:track:7uH27oIt4a6cIFCA8ZPcyG","Ozuna","Baila Baila Baila","Aura Music Corp.",9,93,126,"952424"
93,"spotify:track:3Tc57t9l2O8FwQZtQOvPXK","Billie Eilish","my strange addiction","Darkroom/Interscope Records",14,92,49,"951374"
94,"spotify:track:2iUXsYOEPhVqEBwsqP70rE","5 Seconds of Summer","Youngblood","Capitol",6,96,399,"943264"
95,"spotify:track:1SSzM044DUbVpYNNHWIhYJ","Juju, Henning May","Vermissen (feat. Henning May)","JINX",59,94,14,"942285"
96,"spotify:track:3g4UyIcQwutiG0TfW32GnX","Manuel Turizo, Ozuna","Esclavo de Tus Besos","Sony Music Latin/La Industria",67,98,81,"935766"
97,"spotify:track:1iWHabUgUuuKLBa0TzTHfk","ZAYN, Zhavia","A Whole New World (End Title) - From ""Aladdin""","Walt Disney Records",97,101,7,"930201"
98,"spotify:track:5JEx7HbmvHQQswJCsoo9rA","Ellie Goulding, Diplo, Swae Lee","Close To Me (with Diplo) (feat. Swae Lee)","Polydor Records",18,99,203,"921860"
99,"spotify:track:3Ol2xnObFdKV9pmRD2t9x8","A Boogie Wit da Hoodie","Look Back at It","Highbridge the Label / Atlantic Records",20,103,145,"920653"
100,"spotify:track:0pqnGHJpmpxLKifKRmU6WP","Imagine Dragons","Believer","Kid Ina Korner / Interscope",15,102,834,"919248"
101,"spotify:track:0tgVpDi06FyKpA1z0VMD4v","Ed Sheeran","Perfect","Atlantic Records UK",3,100,803,"918433"
102,"spotify:track:7BuHdm4lQqcyG3qTwdkxus","Wisin & Yandel, Romeo Santos","Aullando","Sony Music Latin",98,105,77,"897127"
103,"spotify:track:05t7JMip6JrLuSrMV5yYjX","Calboy","Envy Me","Polo Grounds Music/RCA Records",88,107,78,"892514"
104,"spotify:track:4QIo4oxwzzafcBWkKjDpXY","Billie Eilish","xanny","Darkroom/Interscope Records",7,104,49,"888002"
105,"spotify:track:78QR3Wp35dqAhFEc2qAGjE","Lil Baby, Gunna","Drip Too Hard (Lil Baby & Gunna)","Quality Control Music/Young Stoner Life Records, a 300 Entertainment Label/Motown Records/Capitol Records",12,112,246,"885718"
106,"spotify:track:1LiN0Z98FkR1t0m8KmLcAH","Anuel AA, Haze","Amanece","House of Haze",39,109,152,"885224"
107,"spotify:track:2vrpcQNg6itmgVZWsNjWe0","Sebastian Yatra, Reik","Un Año","UMLE - Latino",49,108,109,"884305"
108,"spotify:track:4cbdPT6uaBOgOQe3fLMofl","SZA, The Weeknd, Travis Scott, Game of Thrones","Power is Power (feat. The Weeknd & Travis Scott)","Columbia",24,91,28,"881288"
109,"spotify:track:7IkZpSOJKGXCGhqAvHs7FG","Shindy","Nautilus","Sony Music/Friends with Money",57,97,7,"877332"
110,"spotify:track:0JP9xo3adEtGSdUEISiszL","XXXTENTACION","Moonlight","Bad Vibes Forever, LLC",2,110,427,"874405"
111,"spotify:track:2BgEsaKNfHUdlh97KmvFyo","Anne-Marie","2002","Atlantic Records UK",25,106,390,"874320"
112,"spotify:track:5KbBGUpIZd6gVFUU8tqYiQ","Myke Towers, Farruko","Si Se Da","2019 Casablanca Records & One World Music | Distributed by GLAD Empire",105,114,64,"869734"
113,"spotify:track:59ywHNwwchG4nZJMLyxSzd","Offset, Cardi B","Clout (feat. Cardi B)","Quality Control Music/Motown Records",113,116,20,"860513"
114,"spotify:track:2P91MQbaiQOfbiz9VqhqKQ","Lauv","I Like Me Better","Lauv",24,113,708,"854194"
115,"spotify:track:58q2HKrzhC3ozto2nDdN4z","Cardi B, Bad Bunny, J Balvin","I Like It","Atlantic/KSR",2,117,406,"852965"
116,"spotify:track:0E9ZjEAyAwOXZ7wJC0PD33","Dynoro, Gigi D'Agostino","In My Mind","Columbia/B1 Recordings",4,115,317,"852506"
117,"spotify:track:2rbDhOo9Fh61Bbu23T2qCk","Lady Gaga","Always Remember Us This Way","A Star is Born OST",33,120,215,"850233"
118,"spotify:track:1WSGTYKLEpKfNQYYW5Oymt","benny blanco, Selena Gomez, J Balvin, Tainy","I Can’t Get Enough (benny blanco, Selena Gomez, J Balvin, Tainy)","NEON16/Friends Keep Secrets/Interscope Records",16,111,77,"845918"
119,"spotify:track:3f5lA8nnc4YYF1qf78WpHw","Anuel AA, Romeo Santos","Ella Quiere Beber - Remix","Real Hasta La Muerte, LLC",30,119,195,"832729"
120,"spotify:track:5T8EDUDqKcs6OSOwEsfqG7","Queen","Don't Stop Me Now - Remastered 2011","EMI",47,122,205,"831490"
121,"spotify:track:5IaHrVsrferBYDm0bDyABy","Tyga, Offset","Taste (feat. Offset)","Last Kings Music / EMPIRE",5,126,364,"830376"
122,"spotify:track:6vWEAOUSxohKxhp0K1BsxL","YNW Melly, Kanye West","Mixed Personalities (feat. Kanye West)","P2019",53,124,87,"819775"
123,"spotify:track:53rkN7z3bKorDSIxDvqXNt","Paulo Londra, De La Ghetto, Justin Quiles","Solo Pienso En Ti (feat. De La Ghetto & Justin Quiles)","WEA Latina",123,152,2,"816983"
124,"spotify:track:6DCZcSspjsKoFjzjrWoCdn","Drake","God's Plan","Cash Money/Drake LP6",1,130,482,"816320"
125,"spotify:track:4ZLzoOkj0MPWrTLvooIuaa","Kina, Snøw","Get You The Moon (feat. Snøw)","Columbia",115,121,19,"815837"
126,"spotify:track:7K7MUBCnzgBAvMVW2RTWNs","Loud Luxury, Brando","Body","Armada Music",18,127,353,"815474"
127,"spotify:track:6CcJMwBtXByIz4zQLzFkKc","Billie Eilish","i love you","Darkroom/Interscope Records",19,125,49,"812372"
128,"spotify:track:5kfNriitmkNE8mUbZ7gbq8","Khalid","Saturday Nights","Right Hand Music Group, LLC/RCA Records",18,131,191,"800408"
129,"spotify:track:45ZGEdLxCZvdMX9jWlsAAx","Why Don't We, Macklemore","I Don't Belong In This Club","Atlantic Records",102,123,32,"798490"
130,"spotify:track:7m9OqQk4RVRkw9JJdeAw96","XXXTENTACION","Jocelyn Flores","Bad Vibes Forever / EMPIRE",2,134,630,"790183"
131,"spotify:track:3swc6WTsr7rl9DqQKQA55C","Post Malone, Ty Dolla $ign","Psycho (feat. Ty Dolla $ign)","Republic Records",1,138,448,"785522"
132,"spotify:track:5N5k9nd479b1xpDZ4usjrg","Calvin Harris, Sam Smith, Jessie Reyez","Promises (with Sam Smith)","Columbia",4,135,273,"781513"
133,"spotify:track:22oEJW6r2rMb9z4IntfyEa","Panic! At The Disco","Hey Look Ma, I Made It","DCD2 / Fueled By Ramen",98,118,26,"779233"
134,"spotify:track:0PG9fbaaHFHfre2gUVo7AN","Cardi B, Bruno Mars","Please Me","Atlantic/KSR",16,136,91,"779163"
135,"spotify:track:5uCax9HTNlzGybIStD3vDh","James Arthur","Say You Won't Let Go","Columbia",7,137,862,"773823"
136,"spotify:track:3SZqA7rQvROJsCbUu2v0xa","YG, Tyga, Jon Z","Go Loko (feat. Tyga, Jon Z)","Def Jam Recordings",125,141,13,"771015"
137,"spotify:track:0FZ4Dmg8jJJAPJnvBIzD9z","Kodak Black, Offset, Travis Scott","ZEZE (feat. Travis Scott & Offset)","Atlantic Records",3,143,217,"770039"
138,"spotify:track:2t8yVaLvJ0RenpXUIAC52d","21 Savage","a lot","Slaughter Gang, LLC/Epic Records",16,142,147,"768832"
139,"spotify:track:5vdp5UmvTsnMEMESIF2Ym7","Queen","Another One Bites The Dust - Remastered 2011","EMI",32,140,202,"768824"
140,"spotify:track:2uIX8YMNjGMD7441kqyyNU","Billie Eilish","ocean eyes","Darkroom",92,139,226,"767007"
141,"spotify:track:3QmolSZqjjLksTUvZJ6pPS","Jonas Brothers","Cool","Jonas Brothers Recording",46,128,42,"762738"
142,"spotify:track:1zB4vmk8tFRmM9UULNzbLB","Imagine Dragons","Thunder","Kid Ina Korner / Interscope",7,145,747,"760359"
143,"spotify:track:79esEXlqqmq0GPz0xQSZTV","Shawn Mendes","Lost In Japan","Island Records",20,133,197,"758920"
144,"spotify:track:5MvLsT03RBp67RLoeISCdl","The Chainsmokers, Ty Dolla $ign, bülow","Do You Mean","Disruptor Records/Columbia",90,132,8,"752626"
145,"spotify:track:76cy1WJvNGJTj78UqeA5zr","Dua Lipa","IDGAF","Warner Records",3,144,505,"750196"
146,"spotify:track:4Q8aDd3H6LF8t4eY7So9O8","Marshmello, Tyga, Chris Brown","Light It Up (with Tyga & Chris Brown)","Astralwerks",46,129,21,"749114"
147,"spotify:track:5Gu0PDLN4YJeW75PpBSg9p","Hailee Steinfeld, Alesso, Florida Georgia Line, WATT","Let Me Go (with Alesso, Florida Georgia Line & watt)","Universal Records",14,146,311,"745734"
148,"spotify:track:11o2y87vqODipLK98a1v34","Jax Jones, Martin Solveig, Madison Beer, Europa","All Day And Night","Polydor Records",148,156,7,"744449"
149,"spotify:track:1ThmUihH9dF8EV08ku5AXN","Ski Mask The Slump God","Faucet Failure","Republic Records",92,149,71,"743208"
150,"spotify:track:09IStsImFySgyp0pIQdqAc","Zedd, Maren Morris, Grey","The Middle","UMGRI Interscope",6,150,474,"743013"
151,"spotify:track:6fxVffaTuwjgEk5h9QyRjy","Ed Sheeran","Photograph","Atlantic Records UK",40,147,760,"743002"
152,"spotify:track:7ef4DlsgrMEH11cDZd32M6","Calvin Harris, Dua Lipa","One Kiss (with Dua Lipa)","Sony Music UK",1,148,406,"741639"
153,"spotify:track:40T5GIqQ1CegGm2PTEl8Bu","Billie Eilish","idontwannabeyouanymore","Darkroom",60,151,208,"731329"
154,"spotify:track:4e4fqjx0Izh4svvTef1z7e","Bebe Rexha, Florida Georgia Line","Meant to Be (feat. Florida Georgia Line)","Warner Records",16,155,570,"723978"
155,"spotify:track:1xzBco0xcoJEDXktl7Jxrr","Sheck Wes","Mo Bamba","Cactus Jack Records/ G.O.O.D. Music/ Interscope Records",10,161,277,"714449"
156,"spotify:track:51NFxnQvaosfDDutk0tams","Billie Eilish","bellyache","Darkroom",55,157,180,"712715"
157,"spotify:track:1mXVgsBdtIVeCLJnSnmtdV","Sam Smith","Too Good At Goodbyes","Capitol",1,158,612,"707830"
158,"spotify:track:2qT1uLXPVPzGgFOx4jtEuo","Ariana Grande","no tears left to cry","Republic Records",2,160,392,"707597"
159,"spotify:track:6WkJ2OK163XXS2oARUC9JM","Aaron Smith, Krono, Luvli","Dancin (feat. Luvli) - Krono Remix","Sony Music Entertainment",98,154,76,"700912"
160,"spotify:track:2xJCMIJfcNYDc5iR0sAm2O","Dua Lipa","New Rules","Warner Records",2,162,669,"691959"
161,"spotify:track:2G1tXoGBaEMJ7FKGnkf6ud","Gucci Mane, Bruno Mars, Kodak Black","Wake Up in the Sky","Guwop Enterprises/Atlantic",24,163,245,"691547"
162,"spotify:track:0k664IuFwVP557Gnx7RhIl","Lizzo","Juice","Nice Life/Atlantic",142,159,20,"691321"
163,"spotify:track:4ZT9FnbFu1PaBfV3itxiqT","Lil Skies","I","All We Got Ent.",56,166,74,"688077"
164,"spotify:track:75ZvA4QfFiZvzhj2xkaWAh","Post Malone","I Fall Apart","Universal Records",10,169,597,"679624"
165,"spotify:track:2FY7b99s15jUprqC0M5NCT","Imagine Dragons","Natural","Kid Ina Korner / Interscope",13,165,301,"676677"
166,"spotify:track:3a1lNhkSLSkpJE4MSHpDu9","Post Malone, Quavo","Congratulations","Universal Records",20,171,837,"674094"
167,"spotify:track:0NJp8GyCOWnQh71xKSPfuV","Tory Lanez","Freaky","Mad Love/Interscope Records",126,176,54,"671145"
168,"spotify:track:7BKLCZ1jbUBVqRi2FVlTVw","The Chainsmokers, Halsey","Closer","Disruptor Records/Columbia",2,167,858,"666248"
169,"spotify:track:2E82gORVSA7UMEz5M1IP3b","KAROL G","Punto G","UMLE - Latino",119,164,16,"665155"
170,"spotify:track:4WzhjxvLP95y7AMDy0Atwb","Alessia Cara","Out Of Love","Def Jam Recordings",126,153,20,"663121"
171,"spotify:track:6RUKPb4LETWmmr3iAEQktW","The Chainsmokers, Coldplay","Something Just Like This","Disruptor Records/Columbia",2,175,700,"662973"
172,"spotify:track:2YRvdf9cdS88y1wB1WhKoE","Guaynaa","Rebota","Guaynaa Records LLC",129,168,26,"662644"
173,"spotify:track:1rfofaqEpACxVEHIZBJe6W","Camila Cabello, Young Thug","Havana (feat. Young Thug)","Syco Music/Epic",1,180,649,"659945"
174,"spotify:track:5qqabIl2vWzo9ApSC317sa","Oasis","Wonderwall - Remastered","Big Brother",135,173,491,"659287"
175,"spotify:track:1Slwb6dOYkBlWal1PGtnNg","Ed Sheeran","Thinking out Loud","Atlantic Records UK",43,174,805,"658985"
176,"spotify:track:5lwVd35Zg6DJ4qibVMq99H","Luis Fonsi, Sebastian Yatra, Nicky Jam","Date La Vuelta","UMLE - Latino",170,172,12,"655331"
177,"spotify:track:2G7V7zsVDxg1yRsu7Ew9RJ","Drake","In My Feelings","Cash Money/Drake LP6",1,186,321,"654967"
178,"spotify:track:6700Z4Izi8EbB6JNthU6Ma","Lewis Capaldi","Hold Me While You Wait","Vertigo Berlin",74,-1,9,"654537"
179,"spotify:track:4DbhxwlkhTbCTqlZptxmI6","Danny Ocean","Swing","Atlantic Records",146,177,35,"651174"
180,"spotify:track:3oh6SCCeLuXhFpEyepla6G","Blueface","Thotiana","Fifth Amendment Entertainment/eOne Music",22,178,112,"650102"
181,"spotify:track:2fuCquhmrzHpu5xcA1ci9x","Queen, David Bowie","Under Pressure - Remastered 2011","EMI",50,185,195,"645286"
182,"spotify:track:4EKZsrsCKyqr64FBHLc0DU","KAROL G, Maluma","Créeme","UMLE - Latino",106,192,141,"641194"
183,"spotify:track:0YammaEkYSeo9vQYZ1OwS6","David Guetta, Bebe Rexha, J Balvin","Say My Name","Parlophone (France)",37,187,241,"639276"
184,"spotify:track:3S0OXQeoh0w6AY8WQVckRW","Jason Mraz","I'm Yours","Atlantic Records/ATG",110,170,325,"636360"
185,"spotify:track:3U4isOIWM3VvDubwSI3y7a","John Legend","All of Me","G.O.O.D. Music/Columbia",77,184,165,"635093"
186,"spotify:track:4NBTZtAt1F13VvlSKe6KTl","The Chainsmokers, Kelsea Ballerini","This Feeling","Disruptor Records/Columbia",19,181,230,"634774"
187,"spotify:track:7GX5flRQZVHRAGd6B4TmDO","Lil Uzi Vert","XO Tour Llif3","Generation Now/Atlantic",9,193,771,"634206"
188,"spotify:track:3id2EVGKc3eFAMn9nFnB0r","Lukas Graham","Love Someone","Warner Records",50,189,249,"633105"
189,"spotify:track:4YhN72dRYL2Z3MsaKyT7rS","David Guetta, RAYE","Stay (Don't Go Away) [feat. Raye]","Parlophone (France)",50,197,7,"630460"
190,"spotify:track:27rdGxbavYJeBphck5MZAF","Mark Ronson, Miley Cyrus","Nothing Breaks Like a Heart (feat. Miley Cyrus)","Columbia",19,191,166,"629051"
191,"spotify:track:7AFASza1mXqntmGtbxXprO","XXXTENTACION","changes","Bad Vibes Forever, LLC",4,195,422,"627943"
192,"spotify:track:7qEKqBCD2vE5vIBsrUitpD","Billie Eilish","ilomilo","Darkroom/Interscope Records",17,190,47,"626932"
193,"spotify:track:08bNPGLD8AhKpnnERrAc6G","Marshmello, Anne-Marie","FRIENDS","Atlantic Records UK",3,194,457,"626135"
194,"spotify:track:7anSoGdgtmJTAPZBzcPhO6","Dalex, Nicky Jam, Justin Quiles, Sech, Lenny Tavárez, Feid, Rafa Pabön","Cuaderno","Rich Music/Ingrooves Records",194,-1,1,"624296"
195,"spotify:track:0tMSssfxAL2oV8Vri0mFHE","Billie Eilish","listen before i go","Darkroom/Interscope Records",21,196,46,"616202"
196,"spotify:track:23OXdR7YuUBVWh5hSnYJau","Twenty One Pilots","Chlorine","Fueled By Ramen",59,183,25,"613989"
197,"spotify:track:4SHhui9S7lFYGHXikfneGo","Lauv","Drugs & The Internet","Lauv",64,182,19,"613402"
198,"spotify:track:0TlLq3lA83rQOYtrqBqSct","Drake","Nonstop","Cash Money/Drake LP6",1,-1,301,"612988"
199,"spotify:track:4au7FRcgZzChASRYu279xH","Daddy Yankee, Katy Perry, Snow","Con Calma - Remix","El Cartel Records (EC3)",134,188,22,"612533"
200,"spotify:track:2tOOcDDYkh0PSjr6GwPEAJ","MAX, Quinn XCII","Love Me Less (feat. Quinn XCII)","Colour Vision Records/Sony Music Entertainment",179,179,3,"612244"
